 ,Mean
1,76.994
2,76.458
3,76.290
4,76.216
5,76.255
6,76.614
7,76.323
8,76.320
9,76.340
10,76.421
11,76.612
12,76.180
13,76.284
14,76.438
15,76.705
16,76.831
17,76.843
18,76.579
19,76.665
20,76.768
21,77.308
22,76.428
23,76.398
24,76.543
25,76.382
26,81.376
27,76.831
28,76.758
29,77.023
30,80.908
31,76.858
32,76.121
33,76.230
34,75.968
35,76.678
36,76.352
37,75.985
38,76.049
39,76.237
40,76.274
41,76.210
42,75.857
43,75.881
44,75.985
45,76.114
46,76.021
47,75.621
48,75.755
49,75.787
50,75.937
51,76.146
52,75.526
53,75.518
54,75.768
55,75.923
56,78.767
57,76.324
58,76.225
59,76.603
60,78.862
61,76.793
62,76.244
63,76.042
64,75.939
65,75.907
66,76.308
67,75.942
68,75.909
69,75.928
70,76.012
71,76.287
72,75.787
73,75.838
74,75.947
75,76.195
76,76.393
77,76.294
78,76.144
79,76.195
80,76.265
81,76.912
82,76.011
83,76.001
84,76.145
85,75.889
86,80.798
87,76.491
88,76.433
89,76.635
90,80.463
91,76.499
92,75.793
93,75.911
94,75.704
95,76.414
96,75.966
97,75.590
98,75.651
99,75.980
100,76.035
101,75.878
102,75.420
103,75.418
104,75.571
105,75.752
106,75.770
107,75.323
108,75.382
109,75.403
110,75.541
111,75.927
112,75.219
113,75.191
114,75.395
115,75.556
116,78.546
117,76.085
118,75.940
119,76.207
120,78.486
121,76.879
122,76.281
123,76.083
124,75.943
125,75.885
126,76.343
127,75.908
128,75.890
129,75.918
130,75.962
131,76.238
132,75.677
133,75.727
134,75.884
135,76.115
136,76.357
137,76.192
138,76.051
139,76.101
140,76.214
141,76.903
142,75.985
143,75.938
144,76.080
145,75.838
146,80.708
147,76.449
148,76.378
149,76.559
150,80.374
151,76.529
152,75.808
153,75.932
154,75.711
155,76.419
156,76.009
157,75.604
158,75.677
159,75.999
160,76.053
161,75.925
162,75.402
163,75.396
164,75.558
165,75.725
166,75.769
167,75.249
168,75.298
169,75.345
170,75.454
171,75.938
172,75.193
173,75.143
174,75.342
175,75.520
176,78.549
177,76.042
178,75.898
179,76.171
180,78.467
181,77.027
182,76.337
183,76.091
184,75.954
185,75.836
186,76.453
187,75.913
188,75.883
189,75.882
190,75.933
191,76.311
192,75.623
193,75.659
194,75.808
195,76.080
196,76.375
197,76.135
198,75.964
199,76.051
200,76.147
201,76.939
202,75.950
203,75.885
204,76.036
205,75.773
206,80.701
207,76.387
208,76.333
209,76.502
210,80.325
211,76.605
212,75.817
213,75.918
214,75.686
215,76.405
216,76.087
217,75.635
218,75.673
219,75.980
220,76.052
221,76.038
222,75.400
223,75.369
224,75.526
225,75.728
226,75.815
227,75.207
228,75.212
229,75.267
230,75.396
231,76.012
232,75.177
233,75.090
234,75.309
235,75.485
236,78.589
237,76.018
238,75.848
239,76.134
240,78.422
241,77.369
242,76.500
243,76.194
244,76.032
245,75.905
246,76.747
247,76.043
248,75.967
249,75.984
250,76.000
251,76.614
252,75.703
253,75.701
254,75.873
255,76.128
256,76.565
257,76.177
258,76.018
259,76.076
260,76.182
261,77.119
262,76.019
263,75.942
264,76.071
265,75.826
266,80.789
267,76.466
268,76.376
269,76.517
270,80.322
271,76.898
272,75.910
273,75.991
274,75.743
275,76.437
276,76.360
277,75.730
278,75.753
279,76.050
280,76.108
281,76.389
282,75.517
283,75.421
284,75.578
285,75.774
286,76.028
287,75.236
288,75.245
289,75.290
290,75.432
291,76.258
292,75.242
293,75.137
294,75.327
295,75.521
296,78.758
297,76.083
298,75.888
299,76.163
300,78.454
301,77.824
302,76.645
303,76.267
304,76.077
305,75.906
306,77.174
307,76.149
308,76.024
309,76.002
310,75.997
311,77.101
312,75.791
313,75.730
314,75.879
315,76.114
316,76.815
317,76.218
318,76.011
319,76.054
320,76.174
321,77.407
322,76.084
323,75.949
324,76.057
325,75.778
326,80.927
327,76.514
328,76.351
329,76.491
330,80.283
331,77.343
332,76.032
333,76.014
334,75.739
335,76.407
336,76.736
337,75.852
338,75.789
339,76.075
340,76.106
341,76.927
342,75.641
343,75.473
344,75.598
345,75.778
346,76.399
347,75.327
348,75.252
349,75.290
350,75.407
351,76.623
352,75.330
353,75.163
354,75.324
355,75.526
356,79.028
357,76.139
358,75.890
359,76.132
360,78.427
361,78.612
362,76.878
363,76.354
364,76.118
365,75.905
366,77.908
367,76.351
368,76.105
369,76.041
370,76.031
371,77.946
372,75.999
373,75.767
374,75.896
375,76.136
376,77.292
377,76.294
378,76.031
379,76.067
380,76.168
381,77.912
382,76.196
383,75.975
384,76.060
385,75.781
386,81.188
387,76.610
388,76.372
389,76.484
390,80.269
391,78.107
392,76.217
393,76.063
394,75.736
395,76.407
396,77.385
397,76.047
398,75.835
399,76.104
400,76.136
401,77.865
402,75.887
403,75.529
404,75.615
405,75.795
406,76.999
407,75.447
408,75.259
409,75.294
410,75.420
411,77.243
412,75.477
413,75.205
414,75.333
415,75.521
416,79.482
417,76.238
418,75.909
419,76.132
420,78.432
421,79.935
422,77.218
423,76.454
424,76.165
425,75.920
426,79.121
427,76.683
428,76.186
429,76.075
430,76.045
431,79.353
432,76.352
433,75.840
434,75.920
435,76.135
436,78.132
437,76.433
438,76.067
439,76.073
440,76.173
441,78.760
442,76.416
443,76.027
444,76.054
445,75.769
446,81.657
447,76.808
448,76.411
449,76.500
450,80.251
451,79.431
452,76.542
453,76.132
454,75.758
455,76.398
456,78.467
457,76.369
458,75.919
459,76.119
460,76.119
461,79.376
462,76.288
463,75.603
464,75.652
465,75.817
466,78.004
467,75.675
468,75.287
469,75.300
470,75.430
471,78.296
472,75.720
473,75.262
474,75.354
475,75.535
476,80.232
477,76.418
478,75.967
479,76.130
480,78.415
481,82.092
482,77.840
483,76.605
484,76.228
485,75.954
486,81.139
487,77.254
488,76.328
489,76.139
490,76.066
491,81.675
492,76.978
493,76.014
494,75.974
495,76.158
496,79.540
497,76.707
498,76.184
499,76.085
500,76.192
501,80.189
502,76.837
503,76.133
504,76.085
505,75.786
506,82.611
507,77.205
508,76.483
509,76.506
510,80.243
511,81.593
512,77.134
513,76.293
514,75.783
515,76.396
516,80.312
517,76.962
518,76.085
519,76.171
520,76.158
521,81.845
522,77.022
523,75.799
524,75.705
525,75.847
526,79.660
527,76.094
528,75.358
529,75.316
530,75.454
531,79.982
532,76.200
533,75.380
534,75.355
535,75.567
536,81.442
537,76.783
538,76.059
539,76.156
540,78.422
541,85.456
542,78.941
543,76.912
544,76.350
545,75.997
546,84.337
547,78.325
548,76.606
549,76.229
550,76.137
551,85.325
552,78.180
553,76.322
554,76.059
555,76.212
556,81.884
557,77.233
558,76.366
559,76.154
560,76.238
561,82.534
562,77.602
563,76.333
564,76.155
565,75.807
566,84.363
567,77.916
568,76.668
569,76.555
570,80.245
571,84.933
572,78.243
573,76.588
574,75.853
575,76.427
576,83.247
577,78.074
578,76.360
579,76.244
580,76.214
581,85.605
582,78.327
583,76.135
584,75.787
585,75.895
586,82.300
587,76.874
588,75.497
589,75.368
590,75.494
591,82.645
592,77.052
593,75.606
594,75.430
595,75.610
596,83.516
597,77.428
598,76.264
599,76.240
600,78.420
601,90.499
602,80.809
603,77.397
604,76.508
605,76.089
606,89.221
607,80.124
608,77.066
609,76.383
610,76.241
611,90.778
612,80.237
613,76.896
614,76.248
615,76.323
616,85.486
617,78.200
618,76.746
619,76.301
620,76.350
621,86.218
622,78.997
623,76.738
624,76.307
625,75.914
626,87.503
627,79.237
628,77.047
629,76.731
630,80.319
631,90.049
632,80.222
633,77.202
634,76.043
635,76.541
636,87.740
637,80.026
638,76.950
639,76.445
640,76.369
641,91.144
642,80.576
643,76.821
644,76.020
645,76.067
646,86.336
647,78.328
648,75.875
649,75.555
650,75.665
651,86.691
652,78.612
653,76.115
654,75.631
655,75.808
656,87.027
657,78.716
658,76.732
659,76.457
660,78.568
661,96.955
662,83.962
663,78.197
664,76.664
665,76.111
666,95.590
667,83.165
668,77.798
669,76.478
670,76.246
671,96.896
672,83.668
673,77.867
674,76.433
675,76.291
676,90.737
677,79.739
678,77.285
679,76.324
680,76.278
681,91.526
682,81.247
683,77.291
684,76.315
685,75.850
686,92.453
687,81.408
688,77.514
689,76.777
690,80.246
691,96.583
692,83.406
693,78.063
694,76.105
695,76.419
696,93.784
697,83.065
698,77.774
699,76.498
700,76.297
701,97.385
702,84.157
703,77.812
704,76.149
705,76.009
706,92.010
707,80.611
708,76.227
709,75.521
710,75.582
711,92.290
712,80.992
713,76.705
714,75.611
715,75.708
716,92.187
717,80.684
718,77.253
719,76.470
720,78.414
721,102.217
722,89.092
723,79.675
724,76.996
725,76.232
726,100.930
727,88.151
728,79.134
729,76.735
730,76.347
731,101.571
732,89.064
733,79.700
734,76.829
735,76.344
736,96.488
737,82.420
738,78.337
739,76.537
740,76.341
741,96.953
742,84.901
743,78.430
744,76.516
745,75.905
746,97.744
747,85.143
748,78.512
749,77.050
750,80.259
751,101.776
752,88.592
753,79.800
754,76.388
755,76.444
756,99.213
757,88.066
758,79.344
759,76.808
760,76.383
761,102.177
762,89.757
763,79.764
764,76.558
765,76.139
766,97.840
767,84.526
768,77.104
769,75.674
770,75.671
771,98.095
772,84.950
773,77.993
774,75.811
775,75.817
776,97.987
777,84.050
778,78.412
779,76.768
780,78.415
781,106.133
782,95.417
783,82.191
784,77.618
785,76.487
786,104.921
787,94.117
788,81.444
789,77.215
790,76.584
791,105.260
792,95.247
793,82.776
794,77.585
795,76.509
796,100.868
797,86.447
798,80.212
799,76.946
800,76.514
801,100.934
802,90.119
803,80.342
804,76.905
805,76.074
806,101.642
807,90.489
808,80.260
809,77.588
810,80.391
811,105.591
812,94.871
813,82.589
814,76.964
815,76.519
816,103.121
817,94.269
818,82.054
819,77.336
820,76.589
821,106.015
822,95.950
823,82.928
824,77.354
825,76.396
826,101.971
827,90.240
828,78.625
829,75.980
830,75.866
831,102.448
832,90.574
833,80.211
834,76.207
835,76.034
836,102.436
837,89.099
838,80.381
839,77.341
840,78.484
841,109.254
842,100.356
843,85.889
844,78.462
845,76.818
846,108.102
847,99.020
848,84.770
849,77.894
850,76.866
851,108.175
852,100.008
853,87.064
854,78.682
855,76.668
856,104.168
857,91.301
858,82.941
859,77.531
860,76.697
861,103.917
862,95.499
863,83.178
864,77.477
865,76.280
866,104.611
867,96.019
868,82.843
869,78.353
870,80.522
871,108.623
872,100.051
873,86.622
874,77.804
875,76.589
876,106.193
877,99.487
878,85.929
879,78.118
880,76.844
881,109.114
882,100.815
883,87.205
884,78.597
885,76.722
886,105.143
887,96.045
888,80.969
889,76.413
890,76.098
891,105.763
892,96.496
893,83.472
894,76.775
895,76.334
896,105.752
897,94.707
898,83.319
899,78.211
900,78.520
901,111.794
902,103.945
903,90.379
904,79.656
905,77.253
906,110.698
907,102.773
908,88.770
909,78.872
910,77.281
911,110.646
912,103.607
913,91.730
914,80.233
915,76.903
916,106.943
917,95.695
918,86.430
919,78.384
920,77.002
921,106.306
922,99.698
923,86.783
924,78.288
925,76.565
926,107.092
927,100.401
928,86.271
929,79.443
930,80.710
931,111.091
932,103.826
933,91.149
934,79.088
935,76.694
936,108.770
937,103.234
938,90.516
939,79.203
940,77.246
941,111.756
942,104.396
943,91.808
944,80.434
945,77.261
946,107.854
947,100.455
948,84.291
949,77.046
950,76.425
951,108.478
952,101.180
953,87.619
954,77.684
955,76.701
956,108.398
957,99.367
958,87.023
959,79.499
960,78.548
961,113.733
962,106.755
963,94.627
964,81.093
965,77.794
966,112.800
967,105.648
968,92.585
969,80.078
970,77.795
971,112.689
972,106.392
973,95.939
974,82.085
975,77.170
976,109.277
977,99.260
978,90.124
979,79.504
980,77.431
981,108.236
982,102.934
983,90.612
984,79.384
985,76.965
986,109.180
987,103.637
988,89.897
989,80.930
990,80.929
991,113.025
992,106.760
993,95.096
994,80.788
995,76.830
996,110.919
997,106.136
998,94.633
999,80.563
1000,77.840
1001,113.798
1002,107.141
1003,95.932
1004,82.784
1005,77.971
1006,110.207
1007,103.843
1008,88.191
1009,77.908
1010,76.888
1011,110.762
1012,104.761
1013,91.832
1014,78.905
1015,77.238
1016,110.620
1017,102.913
1018,90.974
1019,81.220
1020,78.586
1021,115.184
1022,109.178
1023,98.238
1024,82.544
1025,78.514
1026,114.502
1027,108.132
1028,95.868
1029,81.537
1030,78.463
1031,114.341
1032,108.765
1033,99.497
1034,84.230
1035,77.564
1036,111.371
1037,102.071
1038,93.600
1039,80.873
1040,78.068
1041,109.922
1042,105.572
1043,94.193
1044,80.776
1045,77.474
1046,110.953
1047,106.234
1048,93.412
1049,82.692
1050,81.290
1051,114.677
1052,109.216
1053,98.537
1054,82.838
1055,77.024
1056,112.721
1057,108.448
1058,97.956
1059,82.167
1060,78.629
1061,115.388
1062,109.434
1063,99.551
1064,85.494
1065,78.917
1066,112.303
1067,106.626
1068,92.083
1069,79.073
1070,77.434
1071,112.681
1072,107.521
1073,95.625
1074,80.523
1075,77.881
1076,112.498
1077,105.809
1078,94.636
1079,83.366
1080,78.655
1081,116.320
1082,111.094
1083,101.184
1084,84.014
1085,79.298
1086,115.803
1087,110.070
1088,98.572
1089,83.035
1090,79.138
1091,115.656
1092,110.719
1093,102.552
1094,86.396
1095,77.963
1096,112.980
1097,104.285
1098,96.580
1099,82.342
1100,78.860
1101,111.288
1102,107.668
1103,97.334
1104,82.369
1105,78.100
1106,112.355
1107,108.317
1108,96.507
1109,84.593
1110,81.704
1111,116.002
1112,111.223
1113,101.532
1114,85.024
1115,77.290
1116,114.181
1117,110.310
1118,100.686
1119,83.870
1120,79.608
1121,116.670
1122,111.275
1123,102.535
1124,88.274
1125,80.055
1126,113.978
1127,108.891
1128,95.630
1129,80.492
1130,78.109
1131,114.121
1132,109.759
1133,98.861
1134,82.368
1135,78.666
1136,113.962
1137,108.194
1138,97.915
1139,85.745
1140,78.749
1141,117.438
1142,112.796
1143,103.837
1144,85.577
1145,80.191
1146,117.033
1147,111.850
1148,101.056
1149,84.592
1150,79.882
1151,116.928
1152,112.392
1153,105.305
1154,88.528
1155,78.391
1156,114.342
1157,106.234
1158,99.243
1159,83.880
1160,79.809
1161,112.506
1162,109.454
1163,100.045
1164,84.087
1165,78.842
1166,113.620
1167,110.044
1168,99.261
1169,86.507
1170,82.136
1171,117.220
1172,112.940
1173,104.175
1174,87.222
1175,77.473
1176,115.547
1177,111.899
1178,102.998
1179,85.531
1180,80.583
1181,117.835
1182,112.876
1183,105.041
1184,90.919
1185,81.215
1186,115.426
1187,110.829
1188,98.770
1189,81.980
1190,78.735
1191,115.418
1192,111.654
1193,101.595
1194,84.258
1195,79.431
1196,115.177
1197,110.135
1198,100.789
1199,88.031
1200,78.763
1201,118.304
1202,114.224
1203,106.163
1204,87.077
1205,81.180
1206,117.996
1207,113.306
1208,103.199
1209,86.130
1210,80.668
1211,117.974
1212,113.736
1213,107.694
1214,90.623
1215,78.838
1216,115.441
1217,107.861
1218,101.649
1219,85.486
1220,80.950
1221,113.574
1222,110.928
1223,102.354
1224,85.925
1225,79.680
1226,114.656
1227,111.458
1228,101.634
1229,88.515
1230,82.686
1231,118.267
1232,114.390
1233,106.530
1234,89.451
1235,77.777
1236,116.757
1237,113.208
1238,104.927
1239,87.234
1240,81.709
1241,118.794
1242,114.208
1243,107.122
1244,93.395
1245,82.497
1246,116.624
1247,112.465
1248,101.559
1249,83.567
1250,79.532
1251,116.580
1252,113.198
1253,104.032
1254,86.273
1255,80.368
1256,116.222
1257,111.737
1258,103.338
1259,90.391
1260,78.855
1261,119.081
1262,115.465
1263,108.185
1264,88.557
1265,82.247
1266,118.844
1267,114.577
1268,105.118
1269,87.625
1270,81.478
1271,118.826
1272,114.923
1273,109.750
1274,92.550
1275,79.322
1276,116.418
1277,109.304
1278,103.856
1279,87.058
1280,82.155
1281,114.552
1282,112.185
1283,104.379
1284,87.742
1285,80.592
1286,115.586
1287,112.656
1288,103.735
1289,90.479
1290,83.262
1291,119.161
1292,115.640
1293,108.609
1294,91.606
1295,78.080
1296,117.815
1297,114.360
1298,106.592
1299,88.882
1300,82.874
1301,119.603
1302,115.365
1303,108.885
1304,95.706
1305,83.804
1306,117.595
1307,113.867
1308,104.012
1309,85.157
1310,80.329
1311,117.593
1312,114.510
1313,106.179
1314,88.267
1315,81.307
1316,117.151
1317,113.088
1318,105.561
1319,92.630
1320,78.945
1321,119.736
1322,116.499
1323,109.934
1324,89.998
1325,83.345
1326,119.536
1327,115.674
1328,106.852
1329,89.089
1330,82.310
1331,119.577
1332,115.972
1333,111.523
1334,94.398
1335,79.833
1336,117.257
1337,110.616
1338,105.824
1339,88.642
1340,83.406
1341,115.423
1342,113.268
1343,106.131
1344,89.554
1345,81.577
1346,116.420
1347,113.682
1348,105.613
1349,92.411
1350,83.877
1351,120.003
1352,116.666
1353,110.425
1354,93.699
1355,78.410
1356,118.718
1357,115.346
1358,108.070
1359,90.467
1360,84.075
1361,120.345
1362,116.388
1363,110.442
1364,97.810
1365,85.143
1366,118.412
1367,115.084
1368,106.180
1369,86.786
1370,81.185
1371,118.395
1372,115.636
1373,108.030
1374,90.260
1375,82.326
1376,117.931
1377,114.238
1378,107.523
1379,94.770
1380,79.077
1381,120.314
1382,117.399
1383,111.511
1384,91.403
1385,84.528
1386,120.166
1387,116.612
1388,108.430
1389,90.493
1390,83.147
1391,120.260
1392,116.914
1393,113.026
1394,96.140
1395,80.355
1396,117.999
1397,111.838
1398,107.602
1399,90.166
1400,84.624
1401,116.292
1402,114.201
1403,107.665
1404,91.312
1405,82.638
1406,117.123
1407,114.579
1408,107.279
1409,94.307
1410,84.552
1411,120.778
1412,117.573
1413,112.020
1414,95.712
1415,78.795
1416,119.550
1417,116.223
1418,109.353
1419,91.864
1420,85.314
1421,121.039
1422,117.294
1423,111.772
1424,99.774
1425,86.485
1426,119.137
1427,116.159
1428,108.034
1429,88.361
1430,82.106
1431,119.098
1432,116.588
1433,109.663
1434,92.173
1435,83.395
1436,118.623
1437,115.223
1438,109.199
1439,96.806
1440,79.222
1441,120.820
1442,118.148
1443,112.884
1444,92.787
1445,85.692
1446,120.720
1447,117.408
1448,109.838
1449,91.826
1450,84.004
1451,120.860
1452,117.694
1453,114.346
1454,97.733
1455,80.852
1456,118.657
1457,112.954
1458,109.178
1459,91.578
1460,85.822
1461,117.020
1462,115.011
1463,108.972
1464,92.958
1465,83.715
1466,117.751
1467,115.320
1468,108.743
1469,96.057
1470,85.242
1471,121.462
1472,118.325
1473,113.372
1474,97.623
1475,79.141
1476,120.195
1477,116.967
1478,110.454
1479,93.126
1480,86.470
1481,121.661
1482,118.062
1483,112.940
1484,101.526
1485,87.770
1486,119.771
1487,117.070
1488,109.646
1489,89.900
1490,82.975
1491,119.667
1492,117.399
1493,111.045
1494,93.958
1495,84.486
1496,119.200
1497,116.034
1498,110.683
1499,98.677
1500,79.355
1501,121.324
1502,118.847
1503,114.149
1504,94.134
1505,86.968
1506,121.272
1507,118.102
1508,111.139
1509,93.152
1510,84.895
1511,121.467
1512,118.418
1513,115.523
1514,99.338
1515,81.427
1516,119.283
1517,114.028
1518,110.649
1519,92.993
1520,87.093
1521,117.740
1522,115.750
1523,110.202
1524,94.601
1525,84.880
1526,118.317
1527,116.048
1528,110.118
1529,97.775
1530,86.000
1531,122.130
1532,119.056
1533,114.586
1534,99.518
1535,79.578
1536,120.829
1537,117.682
1538,111.459
1539,94.356
1540,87.657
1541,122.297
1542,118.788
1543,113.983
1544,103.227
1545,89.105
1546,120.387
1547,117.897
1548,111.127
1549,91.425
1550,83.929
1551,120.258
1552,118.107
1553,112.342
1554,95.737
1555,85.657
1556,119.756
1557,116.794
1558,112.082
1559,100.532
1560,79.549
1561,121.723
1562,119.410
1563,115.192
1564,95.415
1565,88.180
1566,121.728
1567,118.640
1568,112.208
1569,94.358
1570,85.734
1571,121.982
1572,118.969
1573,116.454
1574,100.763
1575,81.916
1576,119.748
1577,114.925
1578,111.898
1579,94.249
1580,88.221
1581,118.276
1582,116.351
1583,111.180
1584,96.069
1585,85.990
1586,118.733
1587,116.615
1588,111.244
1589,99.231
1590,86.696
1591,122.629
1592,119.587
1593,115.594
1594,101.179
1595,79.898
1596,121.298
1597,118.207
1598,112.291
1599,95.377
1600,88.735
1601,122.823
1602,119.364
1603,114.832
1604,104.696
1605,90.298
1606,120.883
1607,118.505
1608,112.393
1609,92.777
1610,84.769
1611,120.685
1612,118.632
1613,113.401
1614,97.300
1615,86.704
1616,120.156
1617,117.399
1618,113.211
1619,102.133
1620,79.655
1621,122.198
1622,119.997
1623,116.223
1624,96.726
1625,89.517
1626,122.278
1627,119.225
1628,113.279
1629,95.608
1630,86.630
1631,122.587
1632,119.575
1633,117.398
1634,102.208
1635,82.552
1636,120.287
1637,115.859
1638,113.103
1639,95.582
1640,89.489
1641,118.858
1642,117.016
1643,112.159
1644,97.531
1645,87.227
1646,119.229
1647,117.234
1648,112.385
1649,100.747
1650,87.514
1651,123.193
1652,120.211
1653,116.627
1654,102.857
1655,80.362
1656,121.863
1657,118.801
1658,113.164
1659,96.393
1660,89.901
1661,123.467
1662,119.985
1663,115.723
1664,106.167
1665,91.594
1666,121.452
1667,119.161
1668,113.620
1669,94.160
1670,85.754
1671,121.206
1672,119.225
1673,114.424
1674,98.863
1675,87.916
1676,120.648
1677,118.070
1678,114.310
1679,103.775
1680,79.874
1681,122.683
1682,120.565
1683,117.146
1684,98.027
1685,90.877
1686,122.840
1687,119.768
1688,114.274
1689,96.768
1690,87.539
1691,123.198
1692,120.125
1693,118.232
1694,103.568
1695,83.216
1696,120.777
1697,116.704
1698,114.227
1699,96.860
1700,90.769
1701,119.341
1702,117.614
1703,113.109
1704,98.950
1705,88.517
1706,119.689
1707,117.816
1708,113.460
1709,102.167
1710,88.395
1711,123.762
1712,120.805
1713,117.528
1714,104.505
1715,80.879
1716,122.447
1717,119.371
1718,113.950
1719,97.416
1720,91.115
1721,124.109
1722,120.582
1723,116.569
1724,107.580
1725,92.920
1726,122.033
1727,119.795
1728,114.711
1729,95.593
1730,86.825
1731,121.746
1732,119.798
1733,115.391
1734,100.364
1735,89.208
1736,121.140
1737,118.674
1738,115.343
1739,105.371
1740,80.188
1741,123.035
1742,121.011
1743,117.946
1744,99.195
1745,92.076
1746,123.287
1747,120.227
1748,115.114
1749,97.839
1750,88.310
1751,123.714
1752,120.585
1753,118.866
1754,104.756
1755,83.719
1756,121.194
1757,117.357
1758,115.135
1759,97.942
1760,91.929
1761,119.715
1762,118.052
1763,113.830
1764,100.147
1765,89.580
1766,120.019
1767,118.256
1768,114.292
1769,103.360
1770,89.129
1771,124.140
1772,121.251
1773,118.273
1774,105.877
1775,81.223
1776,122.874
1777,119.798
1778,114.579
1779,98.205
1780,92.113
1781,124.558
1782,121.069
1783,117.218
1784,108.731
1785,94.007
1786,122.466
1787,120.267
1788,115.583
1789,96.738
1790,87.677
1791,122.134
1792,120.185
1793,116.107
1794,101.533
1795,90.256
1796,121.462
1797,119.089
1798,116.078
1799,106.699
1800,80.234
1801,123.341
1802,121.398
1803,118.609
1804,100.264
1805,93.236
1806,123.692
1807,120.605
1808,115.828
1809,98.796
1810,89.044
1811,124.126
1812,120.993
1813,119.432
1814,105.816
1815,84.291
1816,121.527
1817,117.894
1818,115.917
1819,98.935
1820,93.073
1821,120.013
1822,118.422
1823,114.464
1824,101.275
1825,90.665
1826,120.280
1827,118.577
1828,114.978
1829,104.437
1830,89.869
1831,124.474
1832,121.637
1833,118.905
1834,107.171
1835,81.594
1836,123.245
1837,120.142
1838,115.134
1839,98.924
1840,93.135
1841,124.956
1842,121.471
1843,117.785
1844,109.789
1845,95.100
1846,122.845
1847,120.664
1848,116.334
1849,97.845
1850,88.522
1851,122.472
1852,120.517
1853,116.730
1854,102.626
1855,91.300
1856,121.735
1857,119.465
1858,116.703
1859,107.968
1860,80.339
1861,123.751
1862,121.852
1863,119.326
1864,101.419
1865,94.480
1866,124.220
1867,121.060
1868,116.648
1869,99.832
1870,89.908
1871,124.654
1872,121.482
1873,120.067
1874,106.909
1875,84.934
1876,121.955
1877,118.539
1878,116.745
1879,100.044
1880,94.343
1881,120.381
1882,118.879
1883,115.180
1884,102.443
1885,91.834
1886,120.663
1887,119.019
1888,115.771
1889,105.547
1890,90.747
1891,124.897
1892,122.148
1893,119.645
1894,108.520
1895,82.084
1896,123.708
1897,120.598
1898,115.780
1899,99.753
1900,94.250
1901,125.465
1902,121.960
1903,118.460
1904,110.881
1905,96.315
1906,123.315
1907,121.157
1908,117.144
1909,99.003
1910,89.494
1911,122.912
1912,120.963
1913,117.427
1914,103.782
1915,92.462
1916,122.130
1917,119.923
1918,117.404
1919,109.281
1920,80.570
1921,124.049
1922,122.286
1923,119.988
1924,102.491
1925,95.644
1926,124.628
1927,121.494
1928,117.332
1929,100.778
1930,90.719
1931,125.122
1932,121.933
1933,120.635
1934,107.902
1935,85.562
1936,122.352
1937,119.064
1938,117.462
1939,101.017
1940,95.571
1941,120.718
1942,119.259
1943,115.821
1944,103.512
1945,92.959
1946,120.967
1947,119.373
1948,116.448
1949,106.568
1950,91.603
1951,125.287
1952,122.557
1953,120.288
1954,109.785
1955,82.541
1956,124.140
1957,120.984
1958,116.355
1959,100.490
1960,95.318
1961,125.887
1962,122.434
1963,119.073
1964,111.862
1965,97.448
1966,123.770
1967,121.579
1968,117.873
1969,100.093
1970,90.407
1971,123.353
1972,121.328
1973,118.007
1974,104.809
1975,93.571
1976,122.456
1977,120.304
1978,118.032
1979,110.450
1980,80.757
1981,124.333
1982,122.672
1983,120.607
1984,103.473
1985,96.750
1986,125.020
1987,121.900
1988,117.963
1989,101.649
1990,91.509
1991,125.558
1992,122.394
1993,121.136
1994,108.845
1995,86.200
1996,122.738
1997,119.543
1998,118.119
1999,101.942
2000,96.780
2001,121.044
2002,119.593
2003,116.359
2004,104.519
2005,94.040
2006,121.253
2007,119.692
2008,117.044
2009,107.459
2010,92.411
2011,125.625
2012,122.983
2013,120.841
2014,110.950
2015,82.999
2016,124.546
2017,121.379
2018,116.866
2019,101.165
2020,96.351
2021,126.285
2022,122.876
2023,119.611
2024,112.762
2025,98.588
2026,124.162
2027,121.994
2028,118.510
2029,101.082
2030,91.275
2031,123.729
2032,121.676
2033,118.566
2034,105.775
2035,94.547
2036,122.785
2037,120.644
2038,118.558
2039,111.515
2040,80.925
2041,124.586
2042,122.997
2043,121.118
2044,104.437
2045,97.811
2046,125.344
2047,122.242
2048,118.544
2049,102.479
2050,92.304
2051,125.922
2052,122.750
2053,121.615
2054,109.729
2055,86.808
2056,123.032
2057,119.962
2058,118.689
2059,102.811
2060,97.940
2061,121.280
2062,119.888
2063,116.856
2064,105.463
2065,95.039
2066,121.504
2067,119.953
2068,117.574
2069,108.246
2070,93.188
2071,125.908
2072,123.332
2073,121.394
2074,112.024
2075,83.454
2076,124.883
2077,121.686
2078,117.375
2079,101.833
2080,97.387
2081,126.630
2082,123.224
2083,120.135
2084,113.595
2085,99.670
2086,124.514
2087,122.330
2088,119.120
2089,102.053
2090,92.116
2091,124.037
2092,121.968
2093,119.045
2094,106.637
2095,95.546
2096,123.024
2097,120.970
2098,119.074
2099,112.478
2100,81.083
2101,124.823
2102,123.341
2103,121.673
2104,105.329
2105,98.848
2106,125.674
2107,122.610
2108,119.140
2109,103.269
2110,93.075
2111,126.305
2112,123.179
2113,122.068
2114,110.586
2115,87.463
2116,123.370
2117,120.356
2118,119.215
2119,103.668
2120,99.156
2121,121.572
2122,120.163
2123,117.320
2124,106.362
2125,96.038
2126,121.742
2127,120.209
2128,118.097
2129,109.014
2130,93.994
2131,126.191
2132,123.705
2133,121.877
2134,113.024
2135,83.919
2136,125.214
2137,122.055
2138,117.824
2139,102.469
2140,98.416
2141,126.972
2142,123.630
2143,120.608
2144,114.383
2145,100.764
2146,124.858
2147,122.697
2148,119.678
2149,102.973
2150,92.912
2151,124.357
2152,122.278
2153,119.511
2154,107.465
2155,96.528
2156,123.315
2157,121.247
2158,119.545
2159,113.386
2160,81.242
2161,124.940
2162,123.575
2163,122.060
2164,106.132
2165,99.864
2166,125.916
2167,122.863
2168,119.576
2169,103.979
2170,93.841
2171,126.569
2172,123.485
2173,122.414
2174,111.381
2175,88.120
2176,123.616
2177,120.658
2178,119.669
2179,104.462
2180,100.349
2181,121.766
2182,120.348
2183,117.743
2184,107.219
2185,96.992
2186,121.904
2187,120.445
2188,118.523
2189,109.711
2190,94.793
2191,126.396
2192,123.973
2193,122.264
2194,113.945
2195,84.455
2196,125.480
2197,122.323
2198,118.219
2199,103.096
2200,99.450
2201,127.259
2202,123.930
2203,121.017
2204,115.177
2205,101.813
2206,125.134
2207,122.969
2208,120.178
2209,103.856
2210,93.767
2211,124.605
2212,122.514
2213,119.975
2214,108.272
2215,97.514
2216,123.527
2217,121.493
2218,120.009
2219,114.264
2220,81.518
2221,125.108
2222,123.884
2223,122.537
2224,106.990
2225,100.838
2226,126.190
2227,123.228
2228,120.123
2229,104.736
2230,94.635
2231,126.902
2232,123.883
2233,122.872
2234,112.166
2235,88.774
2236,123.914
2237,121.026
2238,120.082
2239,105.243
2240,101.504
2241,122.025
2242,120.622
2243,118.135
2244,108.023
2245,97.884
2246,122.126
2247,120.656
2248,118.960
2249,110.343
2250,95.558
2251,126.666
2252,124.311
2253,122.724
2254,114.839
2255,84.952
2256,125.796
2257,122.669
2258,118.684
2259,103.679
2260,100.438
2261,127.550
2262,124.287
2263,121.509
2264,115.863
2265,102.826
2266,125.451
2267,123.319
2268,120.706
2269,104.720
2270,94.530
2271,124.915
2272,122.821
2273,120.365
2274,108.996
2275,98.404
2276,123.776
2277,121.794
2278,120.415
2279,115.041
2280,81.691
2281,125.359
2282,124.192
2283,123.036
2284,107.843
2285,101.790
2286,126.525
2287,123.610
2288,120.641
2289,105.446
2290,95.422
2291,127.257
2292,124.296
2293,123.331
2294,112.937
2295,89.419
2296,124.239
2297,121.395
2298,120.516
2299,106.004
2300,102.651
2301,122.296
2302,120.872
2303,118.516
2304,108.777
2305,98.734
2306,122.369
2307,120.877
2308,119.386
2309,110.926
2310,96.286
2311,126.904
2312,124.652
2313,123.162
2314,115.658
2315,85.372
2316,126.074
2317,123.027
2318,119.110
2319,104.215
2320,101.347
2321,127.870
2322,124.637
2323,121.946
2324,116.521
2325,103.778
2326,125.734
2327,123.633
2328,121.149
2329,105.516
2330,95.215
2331,125.156
2332,123.062
2333,120.736
2334,109.639
2335,99.238
2336,124.011
2337,122.020
2338,120.766
2339,115.713
2340,81.772
2341,125.491
2342,124.439
2343,123.433
2344,108.567
2345,102.711
2346,126.787
2347,123.909
2348,121.086
2349,106.097
2350,96.178
2351,127.536
2352,124.622
2353,123.694
2354,113.632
2355,90.098
2356,124.491
2357,121.688
2358,120.891
2359,106.725
2360,103.752
2361,122.488
2362,121.061
2363,118.864
2364,109.527
2365,99.568
2366,122.542
2367,121.054
2368,119.718
2369,111.489
2370,97.003
2371,127.120
2372,124.905
2373,123.506
2374,116.414
2375,85.869
2376,126.341
2377,123.301
2378,119.473
2379,104.740
2380,102.298
2381,128.122
2382,124.943
2383,122.341
2384,117.144
2385,104.734
2386,125.988
2387,123.873
2388,121.539
2389,106.283
2390,95.936
2391,125.392
2392,123.285
2393,121.075
2394,110.308
2395,100.100
2396,124.182
2397,122.217
2398,121.125
2399,116.422
2400,81.925
2401,125.588
2402,124.651
2403,123.778
2404,109.256
2405,103.605
2406,127.006
2407,124.172
2408,121.488
2409,106.718
2410,96.926
2411,127.812
2412,124.898
2413,124.025
2414,114.316
2415,90.759
2416,124.681
2417,121.944
2418,121.215
2419,107.399
2420,104.811
2421,122.670
2422,121.229
2423,119.166
2424,110.184
2425,100.361
2426,122.673
2427,121.213
2428,120.019
2429,112.004
2430,97.703
2431,127.305
2432,125.153
2433,123.831
2434,117.111
2435,86.340
2436,126.579
2437,123.564
2438,119.825
2439,105.209
2440,103.192
2441,128.369
2442,125.201
2443,122.677
2444,117.728
2445,105.637
2446,126.191
2447,124.109
2448,121.910
2449,107.015
2450,96.614
2451,125.563
2452,123.483
2453,121.379
2454,110.887
2455,100.928
2456,124.348
2457,122.416
2458,121.413
2459,117.007
2460,82.115
2461,125.689
2462,124.802
2463,124.088
2464,109.875
2465,104.443
2466,127.210
2467,124.410
2468,121.849
2469,107.284
2470,97.671
2471,128.021
2472,125.134
2473,124.325
2474,114.910
2475,91.404
2476,124.853
2477,122.163
2478,121.525
2479,108.070
2480,105.789
2481,122.791
2482,121.347
2483,119.449
2484,110.820
2485,101.118
2486,122.766
2487,121.354
2488,120.287
2489,112.437
2490,98.379
2491,127.443
2492,125.340
2493,124.100
2494,117.743
2495,86.811
2496,126.758
2497,123.767
2498,120.123
2499,105.671
2500,104.042
2501,128.552
2502,125.414
2503,122.988
2504,118.268
2505,106.503
2506,126.345
2507,124.272
2508,122.208
2509,107.718
2510,97.243
2511,125.700
2512,123.624
2513,121.650
2514,111.455
2515,101.730
2516,124.443
2517,122.542
2518,121.693
2519,117.515
2520,82.247
2521,125.787
2522,125.006
2523,124.408
2524,110.505
2525,105.259
2526,127.445
2527,124.672
2528,122.246
2529,107.873
2530,98.424
2531,128.294
2532,125.413
2533,124.663
2534,115.523
2535,92.082
2536,125.053
2537,122.433
2538,121.806
2539,108.753
2540,106.830
2541,122.964
2542,121.557
2543,119.720
2544,111.476
2545,101.870
2546,122.929
2547,121.503
2548,120.572
2549,112.950
2550,99.076
2551,127.634
2552,125.580
2553,124.463
2554,118.378
2555,87.337
2556,126.999
2557,124.037
2558,120.511
2559,106.138
2560,104.908
2561,128.827
2562,125.676
2563,123.341
2564,118.785
2565,107.390
2566,126.545
2567,124.478
2568,122.579
2569,108.418
2570,97.939
2571,125.875
2572,123.827
2573,121.915
2574,112.025
2575,102.576
2576,124.597
2577,122.757
2578,121.963
2579,118.019
2580,82.435
2581,125.965
2582,125.261
2583,124.817
2584,111.200
2585,106.165
2586,127.738
2587,125.005
2588,122.687
2589,108.483
2590,99.264
2591,128.611
2592,125.761
2593,125.060
2594,116.167
2595,92.843
2596,125.325
2597,122.742
2598,122.185
2599,109.459
2600,107.864
2601,123.203
2602,121.800
2603,120.080
2604,112.149
2605,102.684
2606,123.138
2607,121.726
2608,120.936
2609,113.483
2610,99.796
2611,127.878
2612,125.870
2613,124.808
2614,119.064
2615,87.870
2616,127.280
2617,124.365
2618,120.915
2619,106.657
2620,105.876
2621,129.101
2622,126.006
2623,123.741
2624,119.369
2625,108.320
2626,126.795
2627,124.771
2628,122.977
2629,109.171
2630,98.630
2631,126.113
2632,124.086
2633,122.259
2634,112.666
2635,103.447
2636,124.805
2637,123.016
2638,122.325
2639,118.571
2640,82.641
2641,125.963
2642,125.349
2643,125.023
2644,111.718
2645,106.891
2646,127.867
2647,125.155
2648,122.964
2649,108.930
2650,99.965
2651,128.756
2652,125.928
2653,125.255
2654,116.648
2655,93.426
2656,125.397
2657,122.856
2658,122.338
2659,109.976
2660,108.701
2661,123.259
2662,121.837
2663,120.224
2664,112.602
2665,103.329
2666,123.160
2667,121.776
2668,121.053
2669,113.789
2670,100.370
2671,127.965
2672,126.019
2673,125.020
2674,119.532
2675,88.303
2676,127.427
2677,124.534
2678,121.159
2679,107.004
2680,106.598
2681,129.228
2682,126.152
2683,123.973
2684,119.776
2685,109.055
2686,126.882
2687,124.890
2688,123.175
2689,109.702
2690,99.175
2691,126.175
2692,124.165
2693,122.426
2694,113.087
2695,104.178
2696,124.866
2697,123.089
2698,122.461
2699,118.883
2700,82.782
2701,126.042
2702,125.537
2703,125.306
2704,112.278
2705,107.690
2706,128.069
2707,125.414
2708,123.301
2709,109.428
2710,100.726
2711,129.030
2712,126.193
2713,125.538
2714,117.206
2715,94.115
2716,125.582
2717,123.057
2718,122.609
2719,110.607
2720,109.629
2721,123.415
2722,121.995
2723,120.481
2724,113.142
2725,104.039
2726,123.281
2727,121.930
2728,121.301
2729,114.197
2730,101.041
2731,128.162
2732,126.255
2733,125.299
2734,120.082
2735,88.814
2736,127.662
2737,124.789
2738,121.484
2739,107.469
2740,107.449
2741,129.455
2742,126.404
2743,124.271
2744,120.269
2745,109.886
2746,127.071
2747,125.073
2748,123.449
2749,110.324
2750,99.819
2751,126.328
2752,124.316
2753,122.664
2754,113.592
2755,105.010
2756,124.984
2757,123.217
2758,122.708
2759,119.303
2760,82.942
2761,126.150
2762,125.741
2763,125.627
2764,112.832
2765,108.475
2766,128.339
2767,125.694
2768,123.662
2769,109.965
2770,101.510
2771,129.300
2772,126.500
2773,125.855
2774,117.773
2775,94.818
2776,125.800
2777,123.325
2778,122.878
2779,111.246
2780,110.524
2781,123.611
2782,122.199
2783,120.738
2784,113.690
2785,104.750
2786,123.438
2787,122.082
2788,121.540
2789,114.606
2790,101.710
2791,128.351
2792,126.496
2793,125.597
2794,120.630
2795,89.356
2796,127.902
2797,125.065
2798,121.829
2799,107.898
2800,108.263
2801,129.718
2802,126.691
2803,124.620
2804,120.749
2805,110.713
2806,127.258
2807,125.284
2808,123.735
2809,110.919
2810,100.454
2811,126.485
2812,124.518
2813,122.913
2814,114.088
2815,105.789
2816,125.140
2817,123.421
2818,122.965
2819,119.731
2820,83.138
2821,126.248
2822,125.907
2823,125.880
2824,113.382
2825,109.245
2826,128.568
2827,125.957
2828,124.006
2829,110.442
2830,102.260
2831,129.540
2832,126.748
2833,126.133
2834,118.287
2835,95.465
2836,125.971
2837,123.521
2838,123.141
2839,111.823
2840,111.334
2841,123.728
2842,122.324
2843,120.992
2844,114.163
2845,105.442
2846,123.550
2847,122.233
2848,121.744
2849,114.971
2850,102.355
2851,128.533
2852,126.709
2853,125.877
2854,121.130
2855,89.848
2856,128.126
2857,125.306
2858,122.142
2859,108.342
2860,109.029
2861,129.939
2862,126.927
2863,124.925
2864,121.233
2865,111.464
2866,127.423
2867,125.439
2868,123.968
2869,111.470
2870,101.036
2871,126.639
2872,124.661
2873,123.134
2874,114.545
2875,106.575
2876,125.241
2877,123.556
2878,123.193
2879,120.088
2880,83.317
2881,126.200
2882,125.941
2883,126.009
2884,113.804
2885,109.880
2886,128.633
2887,126.046
2888,124.205
2889,110.814
2890,102.931
2891,129.647
2892,126.861
2893,126.325
2894,118.668
2895,96.078
2896,125.995
2897,123.586
2898,123.238
2899,112.311
2900,112.086
2901,123.746
2902,122.400
2903,121.087
2904,114.575
2905,106.035
2906,123.572
2907,122.263
2908,121.843
2909,115.258
2910,102.915
2911,128.584
2912,126.805
2913,126.064
2914,121.514
2915,90.371
2916,128.227
2917,125.423
2918,122.400
2919,108.698
2920,109.744
2921,130.041
2922,127.054
2923,125.143
2924,121.561
2925,112.178
2926,127.481
2927,125.501
2928,124.153
2929,111.937
2930,101.621
2931,126.669
2932,124.704
2933,123.261
2934,114.959
2935,107.306
2936,125.262
2937,123.654
2938,123.327
2939,120.406
2940,83.528
2941,126.327
2942,126.146
2943,126.339
2944,114.324
2945,110.656
2946,128.937
2947,126.370
2948,124.591
2949,111.307
2950,103.680
2951,129.939
2952,127.204
2953,126.637
2954,119.211
2955,96.734
2956,126.230
2957,123.834
2958,123.515
2959,112.882
2960,112.885
2961,123.957
2962,122.590
2963,121.331
2964,115.017
2965,106.695
2966,123.716
2967,122.461
2968,122.069
2969,115.592
2970,103.529
2971,128.802
2972,127.085
2973,126.364
2974,121.990
2975,90.851
2976,128.480
2977,125.724
2978,122.732
2979,109.127
2980,110.468
2981,130.296
2982,127.346
2983,125.466
2984,122.034
2985,112.914
2986,127.674
2987,125.712
2988,124.408
2989,112.450
2990,102.183
2991,126.843
2992,124.879
2993,123.493
2994,115.368
2995,108.009
2996,125.409
2997,123.806
2998,123.526
2999,120.709
3000,83.648
3001,126.366
3002,126.300
3003,126.560
3004,114.783
3005,111.324
3006,129.127
3007,126.587
3008,124.887
3009,111.688
3010,104.394
3011,130.165
3012,127.437
3013,126.869
3014,119.662
3015,97.350
3016,126.372
3017,123.987
3018,123.677
3019,113.389
3020,113.589
3021,124.081
3022,122.681
3023,121.502
3024,115.433
3025,107.310
3026,123.805
3027,122.542
3028,122.234
3029,115.887
3030,104.092
3031,128.965
3032,127.286
3033,126.584
3034,122.421
3035,91.367
3036,128.695
3037,125.936
3038,122.985
3039,109.510
3040,111.151
3041,130.498
3042,127.563
3043,125.724
3044,122.408
3045,113.631
3046,127.813
3047,125.867
3048,124.586
3049,112.911
3050,102.752
3051,126.957
3052,124.994
3053,123.637
3054,115.771
3055,108.693
3056,125.499
3057,123.879
3058,123.696
3059,121.005
3060,83.826
3061,126.337
3062,126.367
3063,126.692
3064,115.164
3065,111.918
3066,129.237
3067,126.734
3068,125.094
3069,112.036
3070,105.029
3071,130.297
3072,127.596
3073,127.057
3074,120.027
3075,97.896
3076,126.420
3077,124.062
3078,123.780
3079,113.799
3080,114.219
3081,124.098
3082,122.736
3083,121.618
3084,115.724
3085,107.867
3086,123.814
3087,122.559
3088,122.288
3089,116.106
3090,104.572
3091,129.031
3092,127.393
3093,126.745
3094,122.747
3095,91.817
3096,128.813
3097,126.039
3098,123.189
3099,109.831
3100,111.759
3101,130.610
3102,127.680
3103,125.897
3104,122.711
3105,114.238
3106,127.869
3107,125.905
3108,124.690
3109,113.274
3110,103.245
3111,126.991
3112,125.022
3113,123.716
3114,116.048
3115,109.295
3116,125.481
3117,123.918
3118,123.767
3119,121.196
3120,83.927
3121,126.375
3122,126.504
3123,126.936
3124,115.622
3125,112.557
3126,129.440
3127,126.953
3128,125.390
3129,112.428
3130,105.697
3131,130.530
3132,127.860
3133,127.308
3134,120.447
3135,98.517
3136,126.570
3137,124.216
3138,123.951
3139,114.289
3140,114.883
3141,124.224
3142,122.862
3143,121.785
3144,116.109
3145,108.483
3146,123.905
3147,122.681
3148,122.449
3149,116.397
3150,105.139
3151,129.207
3152,127.597
3153,126.988
3154,123.109
3155,92.335
3156,129.017
3157,126.270
3158,123.474
3159,110.212
3160,112.416
3161,130.807
3162,127.913
3163,126.180
3164,123.070
3165,114.920
3166,128.016
3167,126.038
3168,124.881
3169,113.699
3170,103.818
3171,127.110
3172,125.146
3173,123.878
3174,116.421
3175,109.963
3176,125.589
3177,124.019
3178,123.924
3179,121.479
3180,84.117
3181,126.355
3182,126.574
3183,127.086
3184,116.004
3185,113.149
3186,129.594
3187,127.122
3188,125.624
3189,112.800
3190,106.303
3191,130.688
3192,128.033
3193,127.518
3194,120.829
3195,99.096
3196,126.655
3197,124.316
3198,124.096
3199,114.696
3200,115.459
3201,124.274
3202,122.944
3203,121.890
3204,116.411
3205,109.000
3206,123.955
3207,122.749
3208,122.541
3209,116.588
3210,105.597
3211,129.295
3212,127.739
3213,127.185
3214,123.431
3215,92.810
3216,129.151
3217,126.429
3218,123.714
3219,110.538
3220,113.035
3221,130.953
3222,128.078
3223,126.400
3224,123.418
3225,115.541
3226,128.092
3227,126.127
3228,125.027
3229,114.067
3230,104.303
3231,127.170
3232,125.207
3233,123.996
3234,116.738
3235,110.542
3236,125.634
3237,124.100
3238,124.010
3239,121.695
3240,84.239
3241,126.353
3242,126.669
3243,127.267
3244,116.400
3245,113.749
3246,129.747
3247,127.303
3248,125.878
3249,113.142
3250,106.955
3251,130.883
3252,128.242
3253,127.729
3254,121.213
3255,99.686
3256,126.753
3257,124.439
3258,124.228
3259,115.139
3260,116.068
3261,124.356
3262,123.031
3263,122.033
3264,116.744
3265,109.571
3266,124.009
3267,122.820
3268,122.675
3269,116.817
3270,106.089
3271,129.420
3272,127.894
3273,127.369
3274,123.775
3275,93.293
3276,129.310
3277,126.605
3278,123.933
3279,110.885
3280,113.637
3281,131.115
3282,128.248
3283,126.616
3284,123.732
3285,116.177
3286,128.194
3287,126.224
3288,125.142
3289,114.448
3290,104.823
3291,127.240
3292,125.276
3293,124.108
3294,117.072
3295,111.135
3296,125.680
3297,124.156
3298,124.132
3299,121.902
3300,84.375
3301,126.296
3302,126.697
3303,127.388
3304,116.705
3305,114.259
3306,129.863
3307,127.427
3308,126.042
3309,113.434
3310,107.470
3311,131.008
3312,128.377
3313,127.892
3314,121.520
3315,100.183
3316,126.790
3317,124.482
3318,124.289
3319,115.439
3320,116.561
3321,124.374
3322,123.058
3323,122.098
3324,116.966
3325,110.037
3326,123.985
3327,122.841
3328,122.700
3329,116.972
3330,106.476
3331,129.471
3332,127.993
3333,127.525
3334,124.009
3335,93.729
3336,129.415
3337,126.710
3338,124.111
3339,111.157
3340,114.158
3341,131.216
3342,128.364
3343,126.773
3344,123.986
3345,116.707
3346,128.236
3347,126.264
3348,125.246
3349,114.708
3350,105.302
3351,127.258
3352,125.291
3353,124.160
3354,117.298
3355,111.637
3356,125.663
3357,124.181
3358,124.155
3359,122.035
3360,84.453
3361,126.294
3362,126.812
3363,127.560
3364,117.050
3365,114.816
3366,130.038
3367,127.632
3368,126.295
3369,113.771
3370,108.063
3371,131.231
3372,128.591
3373,128.102
3374,121.901
3375,100.775
3376,126.916
3377,124.592
3378,124.450
3379,115.840
3380,117.108
3381,124.461
3382,123.144
3383,122.232
3384,117.259
3385,110.575
3386,124.042
3387,122.923
3388,122.824
3389,117.168
3390,106.965
3391,129.633
3392,128.140
3393,127.711
3394,124.320
3395,94.237
3396,129.598
3397,126.865
3398,124.327
3399,111.498
3400,114.731
3401,131.408
3402,128.548
3403,126.968
3404,124.302
3405,117.330
3406,128.371
3407,126.364
3408,125.378
3409,115.051
3410,105.819
3411,127.369
3412,125.370
3413,124.279
3414,117.609
3415,112.177
3416,125.713
3417,124.240
3418,124.259
3419,122.227
3420,84.597
3421,126.303
3422,126.907
3423,127.746
3424,117.437
3425,115.395
3426,130.221
3427,127.813
3428,126.556
3429,114.121
3430,108.660
3431,131.432
3432,128.820
3433,128.352
3434,122.261
3435,101.373
3436,127.033
3437,124.751
3438,124.584
3439,116.232
3440,117.654
3441,124.572
3442,123.264
3443,122.397
3444,117.570
3445,111.132
3446,124.138
3447,123.019
3448,122.955
3449,117.391
3450,107.455
3451,129.766
3452,128.333
3453,127.928
3454,124.643
3455,94.776
3456,129.770
3457,127.073
3458,124.582
3459,111.879
3460,115.304
3461,131.608
3462,128.755
3463,127.223
3464,124.623
3465,117.948
3466,128.477
3467,126.497
3468,125.542
3469,115.400
3470,106.347
3471,127.462
3472,125.481
3473,124.404
3474,117.928
3475,112.736
3476,125.813
3477,124.349
3478,124.409
3479,122.453
3480,84.808
3481,126.224
3482,126.941
3483,127.849
3484,117.721
3485,115.917
3486,130.338
3487,127.941
3488,126.706
3489,114.390
3490,109.160
3491,131.593
3492,128.970
3493,128.504
3494,122.591
3495,101.910
3496,127.118
3497,124.803
3498,124.684
3499,116.534
3500,118.119
3501,124.598
3502,123.304
3503,122.480
3504,117.797
3505,111.603
3506,124.154
3507,123.076
3508,123.002
3509,117.534
3510,107.858
3511,129.852
3512,128.401
3513,128.056
3514,124.884
3515,95.225
3516,129.879
3517,127.158
3518,124.722
3519,112.150
3520,115.804
3521,131.746
3522,128.883
3523,127.380
3524,124.899
3525,118.471
3526,128.537
3527,126.527
3528,125.614
3529,115.668
3530,106.811
3531,127.492
3532,125.497
3533,124.500
3534,118.137
3535,113.211
3536,125.785
3537,124.353
3538,124.463
3539,122.582
3540,84.930
3541,126.251
3542,127.034
3543,128.003
3544,118.058
3545,116.464
3546,130.493
3547,128.111
3548,126.978
3549,114.754
3550,109.762
3551,131.803
3552,129.177
3553,128.741
3554,122.947
3555,102.556
3556,127.201
3557,124.953
3558,124.847
3559,116.937
3560,118.683
3561,124.696
3562,123.451
3563,122.652
3564,118.111
3565,112.161
3566,124.258
3567,123.215
3568,123.175
3569,117.810
3570,108.350
3571,130.027
3572,128.597
3573,128.277
3574,125.202
3575,95.834
3576,130.071
3577,127.355
3578,124.984
3579,112.561
3580,116.409
3581,131.928
3582,129.064
3583,127.628
3584,125.220
3585,119.080
3586,128.682
3587,126.676
3588,125.779
3589,116.039
3590,107.406
3591,127.600
3592,125.637
3593,124.640
3594,118.484
3595,113.819
3596,125.907
3597,124.499
3598,124.628
3599,122.853
3600,85.185
3601,126.152
3602,127.040
3603,128.091
3604,118.325
3605,116.908
3606,130.588
3607,128.230
3608,127.130
3609,115.011
3610,110.212
3611,131.924
3612,129.304
3613,128.908
3614,123.202
3615,103.029
3616,127.250
3617,125.007
3618,124.880
3619,117.169
3620,119.016
3621,124.705
3622,123.477
3623,122.664
3624,118.250
3625,112.484
3626,124.245
3627,123.188
3628,123.163
3629,117.856
3630,108.653
3631,130.051
3632,128.654
3633,128.394
3634,125.380
3635,96.204
3636,130.149
3637,127.434
3638,125.124
3639,112.755
3640,116.839
3641,132.035
3642,129.138
3643,127.761
3644,125.405
3645,119.534
3646,128.704
3647,126.678
3648,125.835
3649,116.197
3650,107.762
3651,127.590
3652,125.632
3653,124.664
3654,118.615
3655,114.146
3656,125.863
3657,124.478
3658,124.608
3659,122.888
3660,85.146
3661,126.181
3662,127.161
3663,128.287
3664,118.682
3665,117.479
3666,130.791
3667,128.452
3668,127.400
3669,115.381
3670,110.812
3671,132.182
3672,129.549
3673,129.169
3674,123.602
3675,103.661
3676,127.428
3677,125.196
3678,125.070
3679,117.548
3680,119.495
3681,124.856
3682,123.630
3683,122.847
3684,118.565
3685,113.037
3686,124.368
3687,123.337
3688,123.333
3689,118.097
3690,109.133
3691,130.243
3692,128.849
3693,128.619
3694,125.711
3695,96.766
3696,130.349
3697,127.639
3698,125.374
3699,113.138
3700,117.392
3701,132.246
3702,129.363
3703,128.006
3704,125.726
3705,120.143
3706,128.857
3707,126.848
3708,126.025
3709,116.560
3710,108.332
3711,127.724
3712,125.767
3713,124.827
3714,118.927
3715,114.673
3716,125.975
3717,124.591
3718,124.755
3719,123.115
3720,85.383
3721,126.101
3722,127.164
3723,128.393
3724,118.932
3725,117.896
3726,130.904
3727,128.585
3728,127.556
3729,115.632
3730,111.273
3731,132.329
3732,129.710
3733,129.328
3734,123.850
3735,104.174
3736,127.509
3737,125.261
3738,125.126
3739,117.802
3740,119.868
3741,124.897
3742,123.673
3743,122.915
3744,118.768
3745,113.439
3746,124.377
3747,123.343
3748,123.366
3749,118.216
3750,109.487
3751,130.304
3752,128.939
3753,128.744
3754,125.908
3755,97.221
3756,130.448
3757,127.759
3758,125.527
3759,113.390
3760,117.871
3761,132.378
3762,129.507
3763,128.155
3764,125.937
3765,120.611
3766,128.913
3767,126.896
3768,126.097
3769,116.773
3770,108.775
3771,127.770
3772,125.799
3773,124.867
3774,119.105
3775,115.067
3776,125.976
3777,124.626
3778,124.785
3779,123.239
3780,85.471
3781,125.963
3782,127.127
3783,128.422
3784,119.113
3785,118.277
3786,130.964
3787,128.629
3788,127.660
3789,115.816
3790,111.723
3791,132.432
3792,129.786
3793,129.401
3794,124.067
3795,104.653
3796,127.495
3797,125.257
3798,125.147
3799,117.995
3800,120.171
3801,124.878
3802,123.636
3803,122.945
3804,118.879
3805,113.772
3806,124.343
3807,123.315
3808,123.377
3809,118.279
3810,109.761
3811,130.326
3812,128.973
3813,128.760
3814,126.075
3815,97.587
3816,130.504
3817,127.819
3818,125.589
3819,113.625
3820,118.272
3821,132.454
3822,129.549
3823,128.219
3824,126.094
3825,121.023
3826,128.933
3827,126.904
3828,126.087
3829,116.963
3830,109.162
3831,127.729
3832,125.771
3833,124.867
3834,119.219
3835,115.435
3836,125.942
3837,124.560
3838,124.782
3839,123.276
3840,85.549
3841,125.959
3842,127.202
3843,128.591
3844,119.455
3845,118.801
3846,131.146
3847,128.840
3848,127.921
3849,116.188
3850,112.245
3851,132.672
3852,130.013
3853,129.661
3854,124.438
3855,105.261
3856,127.651
3857,125.419
3858,125.318
3859,118.333
3860,120.588
3861,125.001
3862,123.803
3863,123.086
3864,119.159
3865,114.234
3866,124.450
3867,123.455
3868,123.505
3869,118.453
3870,110.190
3871,130.486
3872,129.158
3873,129.005
3874,126.350
3875,98.108
3876,130.698
3877,128.011
3878,125.862
3879,113.952
3880,118.822
3881,132.663
3882,129.741
3883,128.472
3884,126.403
3885,121.566
3886,129.090
3887,127.051
3888,126.299
3889,117.252
3890,109.672
3891,127.863
3892,125.907
3893,125.038
3894,119.496
3895,115.890
3896,126.039
3897,124.700
3898,124.910
3899,123.473
3900,85.742
3901,125.810
3902,127.145
3903,128.598
3904,119.626
3905,119.136
3906,131.191
3907,128.891
3908,128.005
3909,116.387
3910,112.664
3911,132.766
3912,130.103
3913,129.746
3914,124.621
3915,105.743
3916,127.670
3917,125.432
3918,125.315
3919,118.517
3920,120.865
3921,124.978
3922,123.785
3923,123.091
3924,119.257
3925,114.546
3926,124.411
3927,123.410
3928,123.491
3929,118.494
3930,110.461
3931,130.500
3932,129.175
3933,129.051
3934,126.483
3935,98.495
3936,130.735
3937,128.044
3938,125.921
3939,114.165
3940,119.204
3941,132.731
3942,129.806
3943,128.544
3944,126.519
3945,121.942
3946,129.078
3947,127.040
3948,126.305
3949,117.418
3950,110.054
3951,127.841
3952,125.874
3953,125.015
3954,119.610
3955,116.199
3956,125.974
3957,124.660
3958,124.884
3959,123.502
3960,85.829
3961,125.702
3962,127.125
3963,128.666
3964,119.861
3965,119.540
3966,131.244
3967,128.997
3968,128.163
3969,116.622
3970,113.128
3971,132.911
3972,130.251
3973,129.915
3974,124.887
3975,106.284
3976,127.719
3977,125.508
3978,125.410
3979,118.784
3980,121.222
3981,125.028
3982,123.866
3983,123.214
3984,119.478
3985,114.929
3986,124.476
3987,123.496
3988,123.605
3989,118.645
3990,110.824
3991,130.582
3992,129.284
3993,129.195
3994,126.717
3995,98.974
3996,130.856
3997,128.172
3998,126.082
3999,114.473
4000,119.678
4001,132.839
4002,129.957
4003,128.726
4004,126.733
4005,122.434
4006,129.171
4007,127.123
4008,126.411
4009,117.686
4010,110.530
4011,127.898
4012,125.939
4013,125.125
4014,119.840
4015,116.628
4016,126.028
4017,124.746
4018,125.001
4019,123.662
4020,85.998
4021,125.536
4022,127.058
4023,128.689
4024,119.994
4025,119.861
4026,131.304
4027,129.031
4028,128.223
4029,116.790
4030,113.481
4031,132.989
4032,130.323
4033,129.969
4034,125.064
4035,106.669
4036,127.735
4037,125.496
4038,125.381
4039,118.885
4040,121.406
4041,124.994
4042,123.811
4043,123.146
4044,119.531
4045,115.146
4046,124.372
4047,123.402
4048,123.526
4049,118.630
4050,110.982
4051,130.577
4052,129.276
4053,129.191
4054,126.783
4055,99.275
4056,130.862
4057,128.190
4058,126.114
4059,114.590
4060,119.984
4061,132.902
4062,129.969
4063,128.726
4064,126.812
4065,122.714
4066,129.144
4067,127.091
4068,126.380
4069,117.761
4070,110.831
4071,127.847
4072,125.873
4073,125.058
4074,119.853
4075,116.834
4076,125.940
4077,124.631
4078,124.873
4079,123.624
4080,85.942
4081,125.521
4082,127.126
4083,128.827
4084,120.306
4085,120.343
4086,131.490
4087,129.250
4088,128.477
4089,117.111
4090,114.020
4091,133.238
4092,130.544
4093,130.213
4094,125.426
4095,107.261
4096,127.897
4097,125.671
4098,125.576
4099,119.207
4100,121.788
4101,125.138
4102,123.946
4103,123.334
4104,119.765
4105,115.584
4106,124.511
4107,123.563
4108,123.678
4109,118.823
4110,111.405
4111,130.740
4112,129.455
4113,129.382
4114,127.068
4115,99.726
4116,131.052
4117,128.379
4118,126.331
4119,114.953
4120,120.486
4121,133.126
4122,130.182
4123,128.968
4124,127.089
4125,123.207
4126,129.307
4127,127.261
4128,126.554
4129,118.076
4130,111.320
4131,127.987
4132,126.030
4133,125.235
4134,120.097
4135,117.265
4136,126.048
4137,124.740
4138,125.025
4139,123.807
4140,86.143
4141,125.428
4142,127.118
4143,128.886
4144,120.515
4145,120.725
4146,131.575
4147,129.344
4148,128.604
4149,117.355
4150,114.452
4151,133.402
4152,130.683
4153,130.366
4154,125.686
4155,107.771
4156,127.963
4157,125.746
4158,125.660
4159,119.431
4160,122.085
4161,125.170
4162,124.015
4163,123.405
4164,119.944
4165,115.901
4166,124.533
4167,123.594
4168,123.726
4169,118.918
4170,111.718
4171,130.819
4172,129.536
4173,129.497
4174,127.248
4175,100.175
4176,131.176
4177,128.479
4178,126.483
4179,115.215
4180,120.894
4181,133.229
4182,130.283
4183,129.114
4184,127.279
4185,123.595
4186,129.393
4187,127.303
4188,126.628
4189,118.258
4190,111.755
4191,128.027
4192,126.060
4193,125.304
4194,120.261
4195,117.599
4196,126.060
4197,124.779
4198,125.078
4199,123.909
4200,86.279
4201,125.239
4202,127.031
4203,128.886
4204,120.679
4205,121.029
4206,131.598
4207,129.372
4208,128.698
4209,117.538
4210,114.846
4211,133.499
4212,130.762
4213,130.465
4214,125.873
4215,108.222
4216,127.980
4217,125.775
4218,125.677
4219,119.615
4220,122.291
4221,125.173
4222,124.031
4223,123.418
4224,120.036
4225,116.148
4226,124.507
4227,123.563
4228,123.746
4229,118.951
4230,111.940
4231,130.830
4232,129.563
4233,129.547
4234,127.363
4235,100.495
4236,131.211
4237,128.529
4238,126.552
4239,115.408
4240,121.248
4241,133.313
4242,130.337
4243,129.186
4244,127.380
4245,123.925
4246,129.390
4247,127.317
4248,126.655
4249,118.411
4250,112.059
4251,128.005
4252,126.058
4253,125.310
4254,120.349
4255,117.841
4256,126.018
4257,124.760
4258,125.056
4259,123.928
4260,86.317
4261,125.129
4262,126.997
4263,128.937
4264,120.899
4265,121.434
4266,131.677
4267,129.476
4268,128.862
4269,117.780
4270,115.270
4271,133.637
4272,130.901
4273,130.623
4274,126.143
4275,108.729
4276,128.064
4277,125.873
4278,125.784
4279,119.822
4280,122.555
4281,125.230
4282,124.084
4283,123.527
4284,120.211
4285,116.455
4286,124.555
4287,123.653
4288,123.814
4289,119.043
4290,112.226
4291,130.897
4292,129.650
4293,129.664
4294,127.547
4295,100.883
4296,131.307
4297,128.633
4298,126.681
4299,115.667
4300,121.645
4301,133.429
4302,130.461
4303,129.323
4304,127.591
4305,124.301
4306,129.472
4307,127.393
4308,126.759
4309,118.628
4310,112.478
4311,128.048
4312,126.129
4313,125.411
4314,120.507
4315,118.146
4316,126.071
4317,124.788
4318,125.119
4319,124.033
4320,86.436
4321,124.913
4322,126.851
4323,128.887
4324,120.964
4325,121.644
4326,131.664
4327,129.488
4328,128.884
4329,117.891
4330,115.543
4331,133.686
4332,130.958
4333,130.659
4334,126.259
4335,109.099
4336,128.077
4337,125.855
4338,125.752
4339,119.908
4340,122.675
4341,125.200
4342,124.038
4343,123.463
4344,120.230
4345,116.617
4346,124.503
4347,123.581
4348,123.734
4349,119.019
4350,112.406
4351,130.886
4352,129.653
4353,129.661
4354,127.595
4355,101.182
4356,131.311
4357,128.651
4358,126.710
4359,115.810
4360,121.925
4361,133.453
4362,130.502
4363,129.370
4364,127.634
4365,124.558
4366,129.453
4367,127.380
4368,126.729
4369,118.693
4370,112.736
4371,128.028
4372,126.085
4373,125.349
4374,120.538
4375,118.316
4376,125.987
4377,124.728
4378,125.038
4379,124.013
4380,86.444
4381,124.720
4382,126.771
4383,128.874
4384,121.085
4385,121.953
4386,131.684
4387,129.504
4388,128.945
4389,118.069
4390,115.876
4391,133.813
4392,131.035
4393,130.755
4394,126.462
4395,109.539
4396,128.084
4397,125.863
4398,125.794
4399,120.057
4400,122.884
4401,125.210
4402,124.045
4403,123.499
4404,120.332
4405,116.861
4406,124.457
4407,123.583
4408,123.744
4409,119.053
4410,112.629
4411,130.923
4412,129.688
4413,129.716
4414,127.688
4415,101.515
4416,131.382
4417,128.714
4418,126.788
4419,115.996
4420,122.257
4421,133.536
4422,130.557
4423,129.432
4424,127.762
4425,124.844
4426,129.504
4427,127.411
4428,126.783
4429,118.841
4430,113.079
4431,128.027
4432,126.062
4433,125.386
4434,120.635
4435,118.565
4436,125.961
4437,124.704
4438,125.040
4439,124.072
4440,86.516
4441,124.554
4442,126.689
4443,128.892
4444,121.264
4445,122.272
4446,131.745
4447,129.610
4448,129.062
4449,118.293
4450,116.232
4451,133.942
4452,131.158
4453,130.882
4454,126.671
4455,110.021
4456,128.196
4457,125.947
4458,125.866
4459,120.249
4460,123.113
4461,125.244
4462,124.111
4463,123.580
4464,120.485
4465,117.166
4466,124.509
4467,123.624
4468,123.802
4469,119.154
4470,112.923
4471,130.987
4472,129.771
4473,129.817
4474,127.856
4475,101.902
4476,131.481
4477,128.812
4478,126.911
4479,116.244
4480,122.642
4481,133.650
4482,130.665
4483,129.554
4484,127.921
4485,125.169
4486,129.584
4487,127.480
4488,126.863
4489,119.036
4490,113.426
4491,128.105
4492,126.118
4493,125.447
4494,120.766
4495,118.839
4496,125.985
4497,124.734
4498,125.086
4499,124.152
4500,86.646
4501,124.409
4502,126.556
4503,128.843
4504,121.404
4505,122.532
4506,131.778
4507,129.616
4508,129.146
4509,118.449
4510,116.542
4511,134.041
4512,131.232
4513,130.986
4514,126.855
4515,110.440
4516,128.216
4517,125.975
4518,125.888
4519,120.386
4520,123.276
4521,125.269
4522,124.129
4523,123.620
4524,120.559
4525,117.389
4526,124.481
4527,123.611
4528,123.797
4529,119.166
4530,113.117
4531,131.005
4532,129.808
4533,129.884
4534,127.964
4535,102.197
4536,131.514
4537,128.867
4538,127.002
4539,116.415
4540,122.928
4541,133.722
4542,130.725
4543,129.636
4544,128.033
4545,125.430
4546,129.609
4547,127.517
4548,126.906
4549,119.170
4550,113.711
4551,128.091
4552,126.124
4553,125.447
4554,120.852
4555,119.025
4556,125.969
4557,124.731
4558,125.080
4559,124.186
4560,86.686
4561,124.199
4562,126.418
4563,128.799
4564,121.517
4565,122.792
4566,131.768
4567,129.641
4568,129.180
4569,118.618
4570,116.863
4571,134.149
4572,131.318
4573,131.065
4574,127.041
4575,110.905
4576,128.281
4577,126.011
4578,125.934
4579,120.544
4580,123.469
4581,125.282
4582,124.146
4583,123.659
4584,120.689
4585,117.604
4586,124.479
4587,123.617
4588,123.838
4589,119.249
4590,113.348
4591,131.043
4592,129.832
4593,129.938
4594,128.062
4595,102.557
4596,131.577
4597,128.915
4598,127.079
4599,116.615
4600,123.262
4601,133.815
4602,130.817
4603,129.719
4604,128.164
4605,125.731
4606,129.657
4607,127.543
4608,126.947
4609,119.307
4610,114.056
4611,128.103
4612,126.112
4613,125.480
4614,120.968
4615,119.246
4616,125.933
4617,124.724
4618,125.094
4619,124.272
4620,86.760
4621,124.001
4622,126.241
4623,128.704
4624,121.624
4625,123.059
4626,131.783
4627,129.629
4628,129.243
4629,118.782
4630,117.180
4631,134.248
4632,131.394
4633,131.191
4634,127.242
4635,111.338
4636,128.317
4637,126.100
4638,126.004
4639,120.696
4640,123.669
4641,125.317
4642,124.181
4643,123.703
4644,120.776
4645,117.851
4646,124.522
4647,123.661
4648,123.891
4649,119.316
4650,113.569
4651,131.084
4652,129.900
4653,130.014
4654,128.205
4655,102.896
4656,131.651
4657,128.995
4658,127.182
4659,116.821
4660,123.558
4661,133.899
4662,130.869
4663,129.831
4664,128.309
4665,126.028
4666,129.718
4667,127.592
4668,127.020
4669,119.480
4670,114.360
4671,128.137
4672,126.169
4673,125.533
4674,121.089
4675,119.481
4676,125.956
4677,124.734
4678,125.124
4679,124.313
4680,86.855
4681,123.865
4682,126.140
4683,128.726
4684,121.812
4685,123.385
4686,131.857
4687,129.709
4688,129.349
4689,119.030
4690,117.576
4691,134.443
4692,131.594
4693,131.372
4694,127.497
4695,111.871
4696,128.476
4697,126.227
4698,126.132
4699,120.923
4700,123.935
4701,125.463
4702,124.328
4703,123.845
4704,120.975
4705,118.152
4706,124.614
4707,123.772
4708,124.009
4709,119.456
4710,113.907
4711,131.217
4712,130.044
4713,130.192
4714,128.405
4715,103.323
4716,131.812
4717,129.172
4718,127.382
4719,117.089
4720,123.971
4721,134.085
4722,131.070
4723,130.031
4724,128.520
4725,126.386
4726,129.860
4727,127.743
4728,127.182
4729,119.722
4730,114.764
4731,128.269
4732,126.281
4733,125.647
4734,121.280
4735,119.771
4736,126.064
4737,124.860
4738,125.236
4739,124.471
4740,87.018
4741,123.548
4742,125.890
4743,128.524
4744,121.812
4745,123.559
4746,131.770
4747,129.597
4748,129.290
4749,119.132
4750,117.783
4751,134.466
4752,131.566
4753,131.392
4754,127.604
4755,112.235
4756,128.462
4757,126.206
4758,126.127
4759,120.975
4760,124.026
4761,125.422
4762,124.288
4763,123.815
4764,120.978
4765,118.282
4766,124.567
4767,123.736
4768,123.941
4769,119.435
4770,114.031
4771,131.204
4772,130.007
4773,130.188
4774,128.427
4775,103.581
4776,131.812
4777,129.156
4778,127.413
4779,117.200
4780,124.161
4781,134.110
4782,131.064
4783,130.059
4784,128.575
4785,126.567
4786,129.869
4787,127.705
4788,127.184
4789,119.788
4790,114.970
4791,128.227
4792,126.235
4793,125.640
4794,121.283
4795,119.900
4796,125.983
4797,124.805
4798,125.178
4799,124.437
4800,87.030
4801,123.374
4802,125.728
4803,128.458
4804,121.887
4805,123.839
4806,131.762
4807,129.570
4808,129.319
4809,119.289
4810,118.121
4811,134.560
4812,131.648
4813,131.486
4814,127.822
4815,112.744
4816,128.544
4817,126.306
4818,126.221
4819,121.162
4820,124.222
4821,125.476
4822,124.356
4823,123.891
4824,121.146
4825,118.543
4826,124.616
4827,123.789
4828,124.028
4829,119.511
4830,114.295
4831,131.248
4832,130.110
4833,130.292
4834,128.593
4835,103.952
4836,131.894
4837,129.263
4838,127.546
4839,117.431
4840,124.521
4841,134.221
4842,131.181
4843,130.193
4844,128.747
4845,126.881
4846,129.947
4847,127.800
4848,127.302
4849,119.985
4850,115.307
4851,128.286
4852,126.332
4853,125.727
4854,121.468
4855,120.139
4856,126.023
4857,124.854
4858,125.250
4859,124.554
4860,87.181
4861,122.980
4862,125.424
4863,128.212
4864,121.766
4865,123.901
4866,131.572
4867,129.360
4868,129.137
4869,119.257
4870,118.264
4871,134.497
4872,131.510
4873,131.385
4874,127.828
4875,113.022
4876,128.455
4877,126.207
4878,126.124
4879,121.127
4880,124.239
4881,125.376
4882,124.246
4883,123.789
4884,121.062
4885,118.562
4886,124.479
4887,123.655
4888,123.896
4889,119.419
4890,114.336
4891,131.164
4892,130.019
4893,130.218
4894,128.552
4895,104.137
4896,131.832
4897,129.209
4898,127.499
4899,117.507
4900,124.637
4901,134.178
4902,131.116
4903,130.154
4904,128.740
4905,126.953
4906,129.884
4907,127.733
4908,127.222
4909,119.994
4910,115.442
4911,128.191
4912,126.228
4913,125.635
4914,121.405
4915,120.195
4916,125.917
4917,124.742
4918,125.135
4919,124.445
4920,87.131
4921,122.791
4922,125.241
4923,128.120
4924,121.776
4925,124.123
4926,131.522
4927,129.303
4928,129.115
4929,119.368
4930,118.564
4931,134.564
4932,131.530
4933,131.401
4934,127.963
4935,113.517
4936,128.539
4937,126.271
4938,126.168
4939,121.290
4940,124.433
4941,125.430
4942,124.276
4943,123.843
4944,121.173
4945,118.824
4946,124.504
4947,123.684
4948,123.959
4949,119.518
4950,114.601
4951,131.220
4952,130.114
4953,130.325
4954,128.712
4955,104.525
4956,131.919
4957,129.318
4958,127.639
4959,117.744
4960,124.985
4961,134.288
4962,131.255
4963,130.287
4964,128.908
4965,127.265
4966,129.975
4967,127.830
4968,127.318
4969,120.209
4970,115.814
4971,128.286
4972,126.316
4973,125.740
4974,121.587
4975,120.486
4976,125.965
4977,124.798
4978,125.214
4979,124.571
4980,87.363
4981,122.479
4982,125.025
4983,127.950
4984,121.725
4985,124.228
4986,131.414
4987,129.161
4988,129.017
4989,119.365
4990,118.724
4991,134.579
4992,131.444
4993,131.343
4994,128.004
4995,113.810
4996,128.516
4997,126.251
4998,126.133
4999,121.275
5000,124.464
5001,125.378
5002,124.227
5003,123.766
5004,121.141
5005,118.878
5006,124.445
5007,123.596
5008,123.832
5009,119.437
5010,114.657
5011,131.209
5012,130.064
5013,130.294
5014,128.682
5015,104.719
5016,131.931
5017,129.283
5018,127.635
5019,117.793
5020,125.113
5021,134.322
5022,131.229
5023,130.301
5024,128.917
5025,127.363
5026,129.961
5027,127.790
5028,127.301
5029,120.216
5030,115.940
5031,128.224
5032,126.246
5033,125.678
5034,121.538
5035,120.521
5036,125.870
5037,124.715
5038,125.098
5039,124.490
5040,87.260
5041,122.263
5042,124.818
5043,127.850
5044,121.713
5045,124.384
5046,131.313
5047,129.061
5048,128.939
5049,119.406
5050,118.995
5051,134.562
5052,131.419
5053,131.313
5054,128.078
5055,114.213
5056,128.544
5057,126.255
5058,126.161
5059,121.373
5060,124.596
5061,125.375
5062,124.222
5063,123.765
5064,121.190
5065,119.034
5066,124.400
5067,123.588
5068,123.844
5069,119.455
5070,114.819
5071,131.201
5072,130.101
5073,130.349
5074,128.783
5075,105.012
5076,131.941
5077,129.345
5078,127.720
5079,117.955
5080,125.371
5081,134.329
5082,131.311
5083,130.361
5084,129.025
5085,127.566
5086,130.003
5087,127.836
5088,127.360
5089,120.349
5090,116.180
5091,128.260
5092,126.263
5093,125.729
5094,121.618
5095,120.717
5096,125.872
5097,124.716
5098,125.129
5099,124.528
5100,87.327
5101,122.079
5102,124.675
5103,127.766
5104,121.751
5105,124.552
5106,131.306
5107,128.984
5108,128.915
5109,119.462
5110,119.241
5111,134.622
5112,131.410
5113,131.343
5114,128.165
5115,114.631
5116,128.595
5117,126.331
5118,126.200
5119,121.477
5120,124.757
5121,125.421
5122,124.265
5123,123.798
5124,121.263
5125,119.212
5126,124.451
5127,123.575
5128,123.843
5129,119.517
5130,115.011
5131,131.288
5132,130.170
5133,130.444
5134,128.920
5135,105.357
5136,132.059
5137,129.444
5138,127.852
5139,118.182
5140,125.666
5141,134.492
5142,131.409
5143,130.511
5144,129.184
5145,127.823
5146,130.101
5147,127.927
5148,127.462
5149,120.500
5150,116.479
5151,128.320
5152,126.354
5153,125.797
5154,121.748
5155,120.928
5156,125.922
5157,124.792
5158,125.173
5159,124.601
5160,87.450
5161,121.791
5162,124.417
5163,127.612
5164,121.669
5165,124.594
5166,131.196
5167,128.831
5168,128.785
5169,119.451
5170,119.405
5171,134.568
5172,131.355
5173,131.247
5174,128.164
5175,114.947
5176,128.541
5177,126.237
5178,126.120
5179,121.478
5180,124.773
5181,125.368
5182,124.121
5183,123.700
5184,121.232
5185,119.307
5186,124.314
5187,123.430
5188,123.738
5189,119.416
5190,115.096
5191,131.252
5192,130.159
5193,130.427
5194,128.951
5195,105.611
5196,132.044
5197,129.445
5198,127.853
5199,118.288
5200,125.842
5201,134.497
5202,131.419
5203,130.505
5204,129.209
5205,127.954
5206,130.090
5207,127.926
5208,127.469
5209,120.593
5210,116.639
5211,128.281
5212,126.308
5213,125.772
5214,121.762
5215,121.000
5216,125.867
5217,124.727
5218,125.141
5219,124.577
5220,87.461
5221,121.636
5222,124.318
5223,127.571
5224,121.723
5225,124.803
5226,131.215
5227,128.844
5228,128.795
5229,119.550
5230,119.690
5231,134.679
5232,131.402
5233,131.317
5234,128.283
5235,115.396
5236,128.623
5237,126.267
5238,126.159
5239,121.624
5240,124.950
5241,125.403
5242,124.090
5243,123.703
5244,121.300
5245,119.504
5246,124.308
5247,123.403
5248,123.734
5249,119.441
5250,115.291
5251,131.368
5252,130.245
5253,130.545
5254,129.127
5255,105.932
5256,132.202
5257,129.573
5258,128.005
5259,118.539
5260,126.164
5261,134.646
5262,131.564
5263,130.673
5264,129.400
5265,128.226
5266,130.232
5267,128.035
5268,127.579
5269,120.801
5270,116.937
5271,128.397
5272,126.403
5273,125.896
5274,121.921
5275,121.238
5276,125.929
5277,124.792
5278,125.229
5279,124.676
5280,87.565
5281,121.380
5282,124.114
5283,127.456
5284,121.655
5285,124.874
5286,131.173
5287,128.729
5288,128.702
5289,119.553
5290,119.875
5291,134.695
5292,131.387
5293,131.276
5294,128.309
5295,115.743
5296,128.565
5297,126.159
5298,126.058
5299,121.614
5300,125.032
5301,125.324
5302,123.979
5303,123.588
5304,121.267
5305,119.568
5306,124.153
5307,123.248
5308,123.600
5309,119.389
5310,115.371
5311,131.372
5312,130.254
5313,130.558
5314,129.161
5315,106.229
5316,132.227
5317,129.596
5318,128.055
5319,118.656
5320,126.378
5321,134.714
5322,131.613
5323,130.714
5324,129.465
5325,128.391
5326,130.254
5327,128.054
5328,127.624
5329,120.884
5330,117.188
5331,128.407
5332,126.409
5333,125.906
5334,121.978
5335,121.398
5336,125.919
5337,124.789
5338,125.233
5339,124.724
5340,87.617
5341,121.157
5342,123.899
5343,127.313
5344,121.615
5345,124.963
5346,131.103
5347,128.629
5348,128.632
5349,119.578
5350,120.064
5351,134.707
5352,131.340
5353,131.241
5354,128.350
5355,116.096
5356,128.469
5357,126.058
5358,125.972
5359,121.631
5360,125.085
5361,125.207
5362,123.841
5363,123.475
5364,121.214
5365,119.682
5366,124.011
5367,123.104
5368,123.502
5369,119.278
5370,115.439
5371,131.371
5372,130.261
5373,130.583
5374,129.235
5375,106.448
5376,132.272
5377,129.622
5378,128.098
5379,118.823
5380,126.586
5381,134.770
5382,131.636
5383,130.756
5384,129.549
5385,128.573
5386,130.292
5387,128.080
5388,127.663
5389,121.014
5390,117.362
5391,128.418
5392,126.419
5393,125.942
5394,122.057
5395,121.524
5396,125.901
5397,124.776
5398,125.238
5399,124.718
5400,87.674
5401,120.794
5402,123.574
5403,127.083
5404,121.453
5405,124.941
5406,130.938
5407,128.437
5408,128.442
5409,119.476
5410,120.118
5411,134.603
5412,131.237
5413,131.141
5414,128.268
5415,116.304
5416,128.311
5417,125.903
5418,125.793
5419,121.502
5420,125.051
5421,124.995
5422,123.635
5423,123.247
5424,121.026
5425,119.606
5426,123.808
5427,122.887
5428,123.265
5429,119.080
5430,115.360
5431,131.264
5432,130.148
5433,130.500
5434,129.169
5435,106.614
5436,132.183
5437,129.545
5438,128.061
5439,118.857
5440,126.660
5441,134.689
5442,131.601
5443,130.715
5444,129.516
5445,128.597
5446,130.226
5447,128.013
5448,127.607
5449,121.017
5450,117.471
5451,128.332
5452,126.327
5453,125.851
5454,122.000
5455,121.566
5456,125.771
5457,124.677
5458,125.114
5459,124.622
5460,87.638
5461,120.581
5462,123.362
5463,126.982
5464,121.389
5465,125.034
5466,130.887
5467,128.355
5468,128.373
5469,119.475
5470,120.281
5471,134.620
5472,131.253
5473,131.122
5474,128.312
5475,116.653
5476,128.255
5477,125.843
5478,125.742
5479,121.496
5480,125.114
5481,124.942
5482,123.554
5483,123.172
5484,120.994
5485,119.702
5486,123.729
5487,122.801
5488,123.196
5489,119.023
5490,115.452
5491,131.253
5492,130.142
5493,130.506
5494,129.244
5495,106.904
5496,132.218
5497,129.586
5498,128.108
5499,119.036
5500,126.888
5501,134.761
5502,131.676
5503,130.784
5504,129.598
5505,128.785
5506,130.256
5507,128.084
5508,127.647
5509,121.148
5510,117.699
5511,128.352
5512,126.341
5513,125.880
5514,122.093
5515,121.706
5516,125.797
5517,124.677
5518,125.125
5519,124.669
5520,87.707
5521,120.293
5522,123.103
5523,126.767
5524,121.303
5525,125.032
5526,130.782
5527,128.196
5528,128.243
5529,119.410
5530,120.408
5531,134.607
5532,131.157
5533,131.074
5534,128.278
5535,116.922
5536,128.130
5537,125.751
5538,125.622
5539,121.429
5540,125.088
5541,124.792
5542,123.400
5543,122.998
5544,120.862
5545,119.672
5546,123.608
5547,122.654
5548,123.058
5549,118.854
5550,115.423
5551,131.172
5552,129.977
5553,130.418
5554,129.211
5555,107.072
5556,132.192
5557,129.480
5558,128.068
5559,119.093
5560,127.015
5561,134.768
5562,131.634
5563,130.782
5564,129.614
5565,128.893
5566,130.251
5567,128.031
5568,127.649
5569,121.195
5570,117.825
5571,128.325
5572,126.319
5573,125.848
5574,122.104
5575,121.763
5576,125.695
5577,124.626
5578,125.076
5579,124.617
5580,87.710
